{
  "01_01_Open Url" : {
    "transaction" : "01_01_Open Url",
    "sampleCount" : 684,
    "errorCount" : 0,
    "errorPct" : 0.0,
    "meanResTime" : 800.0482456140343,
    "medianResTime" : 724.0,
    "minResTime" : 0.0,
    "maxResTime" : 6309.0,
    "pct1ResTime" : 937.0,
    "pct2ResTime" : 1543.0,
    "pct3ResTime" : 2055.0,
    "throughput" : 7.142558790359634,
    "receivedKBytesPerSec" : 34.61022996637568,
    "sentKBytesPerSec" : 3.8478177799068547
  },
  "04_07_Click On Process To Checkout" : {
    "transaction" : "04_07_Click On Process To Checkout",
    "sampleCount" : 2,
    "errorCount" : 0,
    "errorPct" : 0.0,
    "meanResTime" : 177.0,
    "medianResTime" : 177.0,
    "minResTime" : 177.0,
    "maxResTime" : 177.0,
    "pct1ResTime" : 177.0,
    "pct2ResTime" : 177.0,
    "pct3ResTime" : 177.0,
    "throughput" : 0.34106412005457026,
    "receivedKBytesPerSec" : 1.4068894952251023,
    "sentKBytesPerSec" : 0.21449735675306958
  },
  "03_01_Open URL" : {
    "transaction" : "03_01_Open URL",
    "sampleCount" : 31,
    "errorCount" : 0,
    "errorPct" : 0.0,
    "meanResTime" : 918.7096774193549,
    "medianResTime" : 760.0,
    "minResTime" : 0.0,
    "maxResTime" : 1735.0,
    "pct1ResTime" : 1609.0,
    "pct2ResTime" : 1735.0,
    "pct3ResTime" : 1735.0,
    "throughput" : 0.32733224222585927,
    "receivedKBytesPerSec" : 1.6523967517554512,
    "sentKBytesPerSec" : 0.17005932896890344
  },
  "02_01_Open Url" : {
    "transaction" : "02_01_Open Url",
    "sampleCount" : 274,
    "errorCount" : 0,
    "errorPct" : 0.0,
    "meanResTime" : 819.948905109489,
    "medianResTime" : 723.0,
    "minResTime" : 706.0,
    "maxResTime" : 1944.0,
    "pct1ResTime" : 1069.0,
    "pct2ResTime" : 1643.0,
    "pct3ResTime" : 1790.25,
    "throughput" : 2.874015335074525,
    "receivedKBytesPerSec" : 14.382184218876196,
    "sentKBytesPerSec" : 1.5896733429833119
  },
  "04_06_Click On Add To Cart" : {
    "transaction" : "04_06_Click On Add To Cart",
    "sampleCount" : 2,
    "errorCount" : 0,
    "errorPct" : 0.0,
    "meanResTime" : 179.0,
    "medianResTime" : 179.0,
    "minResTime" : 179.0,
    "maxResTime" : 179.0,
    "pct1ResTime" : 179.0,
    "pct2ResTime" : 179.0,
    "pct3ResTime" : 179.0,
    "throughput" : 0.3536067892503536,
    "receivedKBytesPerSec" : 1.617474805516266,
    "sentKBytesPerSec" : 0.2296372215346535
  },
  "03_07_Click On Sign Out-1" : {
    "transaction" : "03_07_Click On Sign Out-1",
    "sampleCount" : 8,
    "errorCount" : 0,
    "errorPct" : 0.0,
    "meanResTime" : 220.375,
    "medianResTime" : 175.5,
    "minResTime" : 174.0,
    "maxResTime" : 352.0,
    "pct1ResTime" : 352.0,
    "pct2ResTime" : 352.0,
    "pct3ResTime" : 352.0,
    "throughput" : 0.30202355783751134,
    "receivedKBytesPerSec" : 1.4888817577771067,
    "sentKBytesPerSec" : 0.186405164602839
  },
  "03_07_Click On Sign Out-0" : {
    "transaction" : "03_07_Click On Sign Out-0",
    "sampleCount" : 8,
    "errorCount" : 0,
    "errorPct" : 0.0,
    "meanResTime" : 177.75,
    "medianResTime" : 175.5,
    "minResTime" : 174.0,
    "maxResTime" : 193.0,
    "pct1ResTime" : 193.0,
    "pct2ResTime" : 193.0,
    "pct3ResTime" : 193.0,
    "throughput" : 0.30198935487524065,
    "receivedKBytesPerSec" : 0.06782964025518101,
    "sentKBytesPerSec" : 0.18903825827639575
  },
  "04_08_Key In Payment Detail and Click On Continue" : {
    "transaction" : "04_08_Key In Payment Detail and Click On Continue",
    "sampleCount" : 2,
    "errorCount" : 0,
    "errorPct" : 0.0,
    "meanResTime" : 176.0,
    "medianResTime" : 176.0,
    "minResTime" : 176.0,
    "maxResTime" : 176.0,
    "pct1ResTime" : 176.0,
    "pct2ResTime" : 176.0,
    "pct3ResTime" : 176.0,
    "throughput" : 0.30656039239730226,
    "receivedKBytesPerSec" : 1.3388067136725934,
    "sentKBytesPerSec" : 0.3757161059166156
  },
  "01_02_Search" : {
    "transaction" : "01_02_Search",
    "sampleCount" : 623,
    "errorCount" : 0,
    "errorPct" : 0.0,
    "meanResTime" : 202.3210272873194,
    "medianResTime" : 178.0,
    "minResTime" : 0.0,
    "maxResTime" : 8484.0,
    "pct1ResTime" : 200.0,
    "pct2ResTime" : 258.39999999999986,
    "pct3ResTime" : 804.0,
    "throughput" : 6.85217773867136,
    "receivedKBytesPerSec" : 22.401690703365595,
    "sentKBytesPerSec" : 5.795917771117466
  },
  "03_02_Click On Sign In" : {
    "transaction" : "03_02_Click On Sign In",
    "sampleCount" : 27,
    "errorCount" : 0,
    "errorPct" : 0.0,
    "meanResTime" : 174.66666666666666,
    "medianResTime" : 181.0,
    "minResTime" : 0.0,
    "maxResTime" : 312.0,
    "pct1ResTime" : 243.19999999999993,
    "pct2ResTime" : 312.0,
    "pct3ResTime" : 312.0,
    "throughput" : 0.319009416685374,
    "receivedKBytesPerSec" : 1.1340249388565284,
    "sentKBytesPerSec" : 0.16947375261410494
  },
  "04_04_Click On Category " : {
    "transaction" : "04_04_Click On Category ",
    "sampleCount" : 2,
    "errorCount" : 0,
    "errorPct" : 0.0,
    "meanResTime" : 184.0,
    "medianResTime" : 184.0,
    "minResTime" : 184.0,
    "maxResTime" : 184.0,
    "pct1ResTime" : 184.0,
    "pct2ResTime" : 184.0,
    "pct3ResTime" : 184.0,
    "throughput" : 0.31496062992125984,
    "receivedKBytesPerSec" : 1.2955216535433072,
    "sentKBytesPerSec" : 0.19377460629921262
  },
  "03_05_Click On Product Id" : {
    "transaction" : "03_05_Click On Product Id",
    "sampleCount" : 16,
    "errorCount" : 0,
    "errorPct" : 0.0,
    "meanResTime" : 253.25,
    "medianResTime" : 178.5,
    "minResTime" : 175.0,
    "maxResTime" : 766.0,
    "pct1ResTime" : 766.0,
    "pct2ResTime" : 766.0,
    "pct3ResTime" : 766.0,
    "throughput" : 0.5131165415945097,
    "receivedKBytesPerSec" : 2.04701680857546,
    "sentKBytesPerSec" : 0.3317218266948881
  },
  "04_03_Enter Username & Password, Click On Login" : {
    "transaction" : "04_03_Enter Username & Password, Click On Login",
    "sampleCount" : 2,
    "errorCount" : 0,
    "errorPct" : 0.0,
    "meanResTime" : 178.0,
    "medianResTime" : 178.0,
    "minResTime" : 178.0,
    "maxResTime" : 178.0,
    "pct1ResTime" : 178.0,
    "pct2ResTime" : 178.0,
    "pct3ResTime" : 178.0,
    "throughput" : 0.1649212501030758,
    "receivedKBytesPerSec" : 0.6720863053516946,
    "sentKBytesPerSec" : 0.1550968396965449
  },
  "04_02_Click On Sign In" : {
    "transaction" : "04_02_Click On Sign In",
    "sampleCount" : 2,
    "errorCount" : 0,
    "errorPct" : 0.0,
    "meanResTime" : 176.0,
    "medianResTime" : 176.0,
    "minResTime" : 176.0,
    "maxResTime" : 176.0,
    "pct1ResTime" : 176.0,
    "pct2ResTime" : 176.0,
    "pct3ResTime" : 176.0,
    "throughput" : 0.3242016534284325,
    "receivedKBytesPerSec" : 1.2964900105365538,
    "sentKBytesPerSec" : 0.19376114443183662
  },
  "02_02_Click On Category" : {
    "transaction" : "02_02_Click On Category",
    "sampleCount" : 260,
    "errorCount" : 0,
    "errorPct" : 0.0,
    "meanResTime" : 189.76153846153852,
    "medianResTime" : 179.0,
    "minResTime" : 0.0,
    "maxResTime" : 534.0,
    "pct1ResTime" : 211.80000000000007,
    "pct2ResTime" : 352.0,
    "pct3ResTime" : 436.3999999999978,
    "throughput" : 2.759352613425312,
    "receivedKBytesPerSec" : 11.000762801804193,
    "sentKBytesPerSec" : 1.6454132395860972
  },
  "04_09_Click On Confirm" : {
    "transaction" : "04_09_Click On Confirm",
    "sampleCount" : 2,
    "errorCount" : 2,
    "errorPct" : 100.0,
    "meanResTime" : 356.0,
    "medianResTime" : 356.0,
    "minResTime" : 356.0,
    "maxResTime" : 356.0,
    "pct1ResTime" : 356.0,
    "pct2ResTime" : 356.0,
    "pct3ResTime" : 356.0,
    "throughput" : 0.30907124092103233,
    "receivedKBytesPerSec" : 4.653876429454489,
    "sentKBytesPerSec" : 0.18743480528511822
  },
  "03_03_Enter Username & Password, Click on Login" : {
    "transaction" : "03_03_Enter Username & Password, Click on Login",
    "sampleCount" : 20,
    "errorCount" : 0,
    "errorPct" : 0.0,
    "meanResTime" : 152.79999999999998,