{
  "HTTP Request2" : {
    "transaction" : "HTTP Request2",
    "sampleCount" : 1,
    "errorCount" : 0,
    "errorPct" : 0.0,
    "meanResTime" : 347.0,
    "medianResTime" : 347.0,
    "minResTime" : 347.0,
    "maxResTime" : 347.0,
    "pct1ResTime" : 347.0,
    "pct2ResTime" : 347.0,
    "pct3ResTime" : 347.0,
    "throughput" : 2.881844380403458,
    "receivedKBytesPerSec" : 13.387630583573488,
    "sentKBytesPerSec" : 0.3349018371757925
  },
  "HTTP Request1" : {
    "transaction" : "HTTP Request1",
    "sampleCount" : 1,
    "errorCount" : 0,
    "errorPct" : 0.0,
    "meanResTime" : 600.0,
    "medianResTime" : 600.0,
    "minResTime" : 600.0,
    "maxResTime" : 600.0,
    "pct1ResTime" : 600.0,
    "pct2ResTime" : 600.0,
    "pct3ResTime" : 600.0,
    "throughput" : 1.6666666666666667,
    "receivedKBytesPerSec" : 7.742513020833334,
    "sentKBytesPerSec" : 0.19368489583333334
  },
  "HTTP Request4" : {
    "transaction" : "HTTP Request4",
    "sampleCount" : 1,
    "errorCount" : 0,
    "errorPct" : 0.0,
    "meanResTime" : 326.0,
    "medianResTime" : 326.0,
    "minResTime" : 326.0,
    "maxResTime" : 326.0,
    "pct1ResTime" : 326.0,
    "pct2ResTime" : 326.0,
    "pct3ResTime" : 326.0,
    "throughput" : 3.067484662576687,
    "receivedKBytesPerSec" : 14.250023964723926,
    "sentKBytesPerSec" : 0.35647526840490795
  },
  "HTTP Request3" : {
    "transaction" : "HTTP Request3",
    "sampleCount" : 1,
    "errorCount" : 0,
    "errorPct" : 0.0,
    "meanResTime" : 352.0,
    "medianResTime" : 352.0,
    "minResTime" : 352.0,
    "maxResTime" : 352.0,
    "pct1ResTime" : 352.0,
    "pct2ResTime" : 352.0,
    "pct3ResTime" : 352.0,
    "throughput" : 2.840909090909091,
    "receivedKBytesPerSec" : 13.197465376420455,
    "sentKBytesPerSec" : 0.3301447088068182
  },
  "Total" : {
    "transaction" : "Total",
    "sampleCount" : 4,
    "errorCount" : 0,
    "errorPct" : 0.0,
    "meanResTime" : 406.25,
    "medianResTime" : 349.5,
    "minResTime" : 326.0,
    "maxResTime" : 600.0,
    "pct1ResTime" : 600.0,
    "pct2ResTime" : 600.0,
    "pct3ResTime" : 600.0,
    "throughput" : 2.4345709068776626,
    "receivedKBytesPerSec" : 11.309818167985393,
    "sentKBytesPerSec" : 0.2829237674984784
  }
}